test_nodeid,project,past_runs,failures,avg_duration_s,code_change_size,failed_next,failure_rate,flakiness
tests/projC/test_module_53.py::test_func_21,projC,83,40,0.189,160,1,0.482,0.5
tests/projC/test_module_53.py::test_func_40,projC,49,12,0.069,38,1,0.245,0.5
tests/projC/test_module_62.py::test_func_33,projC,85,24,0.15,78,1,0.282,0.5
tests/projC/test_module_26.py::test_func_24,projC,168,22,0.104,16,0,0.129,0.501
tests/projA/test_module_48.py::test_func_49,projA,72,23,0.11,103,1,0.319,0.5
tests/projA/test_module_58.py::test_func_38,projA,162,74,0.281,170,1,0.457,0.5
tests/projC/test_module_75.py::test_func_37,projC,190,79,0.29,157,1,0.416,0.5
tests/projA/test_module_23.py::test_func_48,projA,144,47,0.181,131,1,0.326,0.5
tests/projC/test_module_52.py::test_func_44,projC,188,88,0.31,160,1,0.468,0.5
tests/projA/test_module_30.py::test_func_3,projA,118,44,0.198,104,0,0.373,0.5
tests/projA/test_module_12.py::test_func_14,projA,130,36,0.118,52,0,0.277,0.5
tests/projA/test_module_52.py::test_func_4,projA,31,4,0.073,17,0,0.129,0.5
tests/projA/test_module_15.py::test_func_10,projA,185,97,0.316,191,1,0.524,0.5
tests/projC/test_module_26.py::test_func_24,projC,169,22,0.103,16,0,0.13,0.5
tests/projC/test_module_11.py::test_func_27,projC,64,11,0.103,51,1,0.172,0.5
tests/projC/test_module_21.py::test_func_44,projC,125,30,0.159,50,1,0.24,0.5
tests/projB/test_module_80.py::test_func_37,projB,176,82,0.272,155,1,0.466,0.5
tests/projC/test_module_80.py::test_func_22,projC,175,86,0.271,171,1,0.491,0.5
tests/projA/test_module_4.py::test_func_3,projA,95,11,0.094,44,0,0.116,0.507
tests/projA/test_module_34.py::test_func_11,projA,81,33,0.192,148,1,0.407,0.5
tests/projC/test_module_55.py::test_func_14,projC,74,13,0.106,31,0,0.174,0.502
tests/projB/test_module_6.py::test_func_23,projB,193,18,0.116,31,0,0.095,0.499
tests/projA/test_module_9.py::test_func_3,projA,80,8,0.068,47,0,0.1,0.5
tests/projB/test_module_46.py::test_func_14,projB,127,14,0.073,4,0,0.11,0.5
tests/projC/test_module_20.py::test_func_35,projC,106,27,0.176,100,1,0.255,0.5
tests/projA/test_module_1.py::test_func_22,projA,197,51,0.191,61,0,0.256,0.496
tests/projA/test_module_70.py::test_func_6,projA,27,13,0.174,174,1,0.481,0.5
tests/projB/test_module_52.py::test_func_43,projB,180,76,0.304,150,1,0.422,0.5
tests/projA/test_module_49.py::test_func_1,projA,198,27,0.123,23,0,0.137,0.503
tests/projC/test_module_8.py::test_func_48,projC,165,69,0.254,149,1,0.418,0.5
tests/projB/test_module_33.py::test_func_4,projB,62,21,0.143,129,1,0.339,0.5
tests/projB/test_module_55.py::test_func_45,projB,154,11,0.077,10,0,0.071,0.494
tests/projA/test_module_49.py::test_func_1,projA,200,27,0.122,23,0,0.134,0.496
tests/projC/test_module_52.py::test_func_24,projC,46,25,0.156,176,1,0.543,0.5
tests/projA/test_module_49.py::test_func_6,projA,171,52,0.217,115,1,0.304,0.5
tests/projB/test_module_22.py::test_func_43,projB,189,17,0.08,11,0,0.09,0.505
tests/projA/test_module_29.py::test_func_5,projA,147,39,0.169,84,1,0.265,0.5
tests/projC/test_module_7.py::test_func_44,projC,139,15,0.084,5,0,0.108,0.5
tests/projB/test_module_47.py::test_func_11,projB,105,21,0.131,50,0,0.2,0.5
tests/projA/test_module_65.py::test_func_7,projA,113,29,0.162,94,1,0.257,0.5
tests/projB/test_module_44.py::test_func_7,projB,48,22,0.161,136,1,0.458,0.5
tests/projB/test_module_3.py::test_func_38,projB,72,50,0.241,198,1,0.694,0.5
tests/projB/test_module_52.py::test_func_18,projB,159,18,0.137,24,0,0.111,0.499
tests/projA/test_module_73.py::test_func_16,projA,127,62,0.243,188,1,0.488,0.5
tests/projA/test_module_72.py::test_func_13,projA,56,16,0.09,98,1,0.286,0.5
tests/projB/test_module_22.py::test_func_43,projB,188,17,0.079,11,0,0.09,0.5
tests/projA/test_module_4.py::test_func_3,projA,94,11,0.092,44,0,0.118,0.502
tests/projC/test_module_30.py::test_func_38,projC,30,13,0.139,163,1,0.433,0.5
tests/projA/test_module_30.py::test_func_3,projA,117,44,0.198,105,0,0.369,0.505
tests/projB/test_module_53.py::test_func_43,projB,23,1,0.073,13,0,0.043,0.053
tests/projB/test_module_24.py::test_func_18,projB,124,27,0.153,44,0,0.215,0.504
tests/projA/test_module_8.py::test_func_16,projA,48,13,0.089,39,0,0.271,0.495
tests/projB/test_module_63.py::test_func_2,projB,88,46,0.198,147,1,0.523,0.5
tests/projA/test_module_66.py::test_func_16,projA,44,15,0.127,88,1,0.341,0.5
tests/projB/test_module_28.py::test_func_33,projB,70,20,0.158,117,1,0.286,0.5
tests/projA/test_module_30.py::test_func_3,projA,116,44,0.199,103,0,0.377,0.497
tests/projC/test_module_32.py::test_func_18,projC,166,30,0.149,49,0,0.187,0.494
tests/projB/test_module_55.py::test_func_45,projB,155,11,0.077,10,0,0.071,0.5
tests/projC/test_module_8.py::test_func_15,projC,58,13,0.071,34,0,0.22,0.502
tests/projA/test_module_31.py::test_func_44,projA,184,18,0.07,6,0,0.098,0.5
tests/projB/test_module_74.py::test_func_13,projB,181,28,0.089,3,0,0.154,0.496
tests/projA/test_module_18.py::test_func_33,projA,202,38,0.125,22,0,0.187,0.499
tests/projA/test_module_34.py::test_func_12,projA,185,30,0.118,36,0,0.159,0.507
tests/projB/test_module_55.py::test_func_45,projB,152,11,0.077,10,0,0.07,0.498
tests/projC/test_module_58.py::test_func_8,projC,133,54,0.195,114,1,0.406,0.5
tests/projB/test_module_80.py::test_func_21,projB,136,73,0.291,180,1,0.537,0.5
tests/projC/test_module_78.py::test_func_13,projC,91,21,0.125,38,1,0.231,0.5
tests/projA/test_module_25.py::test_func_13,projA,152,79,0.285,175,1,0.52,0.5
tests/projA/test_module_65.py::test_func_39,projA,100,47,0.195,135,1,0.47,0.5
tests/projC/test_module_16.py::test_func_47,projC,91,56,0.263,189,1,0.615,0.5
tests/projB/test_module_49.py::test_func_18,projB,190,65,0.219,100,1,0.342,0.5
tests/projB/test_module_11.py::test_func_15,projB,36,14,0.102,103,1,0.389,0.5
tests/projA/test_module_34.py::test_func_12,projA,188,30,0.113,38,0,0.159,0.498
tests/projC/test_module_34.py::test_func_33,projC,119,30,0.136,76,1,0.252,0.5
tests/projC/test_module_72.py::test_func_43,projC,21,1,0.059,32,0,0.048,0.36
tests/projA/test_module_77.py::test_func_5,projA,64,26,0.135,150,1,0.406,0.5
tests/projC/test_module_68.py::test_func_1,projC,179,72,0.263,148,1,0.402,0.5
tests/projC/test_module_41.py::test_func_14,projC,89,17,0.066,44,0,0.188,0.51
tests/projB/test_module_52.py::test_func_18,projB,158,18,0.135,24,0,0.114,0.501
tests/projA/test_module_8.py::test_func_16,projA,48,13,0.089,40,0,0.275,0.489
tests/projB/test_module_36.py::test_func_5,projB,125,28,0.092,69,1,0.224,0.5
tests/projA/test_module_65.py::test_func_17,projA,136,17,0.104,20,0,0.124,0.502
tests/projC/test_module_17.py::test_func_47,projC,33,16,0.181,158,1,0.485,0.5
tests/projC/test_module_11.py::test_func_6,projC,134,67,0.28,167,1,0.5,0.5
tests/projC/test_module_11.py::test_func_12,projC,79,28,0.145,124,1,0.354,0.5
tests/projC/test_module_43.py::test_func_2,projC,117,22,0.104,64,1,0.188,0.5
tests/projA/test_module_15.py::test_func_5,projA,40,7,0.083,27,0,0.175,0.5
tests/projC/test_module_47.py::test_func_37,projC,41,19,0.172,157,1,0.463,0.5
tests/projC/test_module_57.py::test_func_36,projC,168,34,0.136,51,1,0.202,0.5
tests/projA/test_module_1.py::test_func_5,projA,167,44,0.171,80,1,0.263,0.5
tests/projA/test_module_4.py::test_func_3,projA,94,11,0.092,44,0,0.116,0.499
tests/projB/test_module_10.py::test_func_1,projB,162,22,0.104,24,0,0.136,0.5
tests/projC/test_module_26.py::test_func_46,projC,27,19,0.193,161,1,0.704,0.5
tests/projB/test_module_78.py::test_func_17,projB,58,19,0.112,81,1,0.328,0.5
tests/projB/test_module_1.py::test_func_49,projB,148,52,0.197,120,1,0.351,0.5
tests/projA/test_module_25.py::test_func_26,projA,50,20,0.112,83,1,0.4,0.5
tests/projC/test_module_13.py::test_func_4,projC,164,13,0.081,2,0,0.078,0.497
tests/projB/test_module_71.py::test_func_7,projB,89,45,0.234,157,1,0.506,0.5
tests/projC/test_module_17.py::test_func_9,projC,133,32,0.133,48,1,0.241,0.5
tests/projA/test_module_8.py::test_func_16,projA,48,13,0.089,39,0,0.274,0.504
tests/projC/test_module_64.py::test_func_26,projC,77,31,0.196,147,1,0.403,0.5
tests/projA/test_module_59.py::test_func_35,projA,79,21,0.119,112,1,0.266,0.5
tests/projA/test_module_10.py::test_func_35,projA,160,73,0.303,158,1,0.456,0.5
tests/projA/test_module_32.py::test_func_43,projA,65,18,0.135,103,1,0.277,0.5
tests/projB/test_module_41.py::test_func_28,projB,123,22,0.121,41,0,0.18,0.495
tests/projC/test_module_63.py::test_func_5,projC,154,70,0.267,161,1,0.455,0.5
tests/projA/test_module_75.py::test_func_48,projA,31,14,0.141,140,1,0.452,0.5
tests/projC/test_module_61.py::test_func_36,projC,198,81,0.244,122,1,0.409,0.5
tests/projC/test_module_72.py::test_func_15,projC,109,45,0.231,161,1,0.413,0.5
tests/projB/test_module_65.py::test_func_20,projB,47,23,0.2,172,1,0.489,0.5
tests/projC/test_module_20.py::test_func_16,projC,83,26,0.17,105,1,0.313,0.5
tests/projA/test_module_4.py::test_func_3,projA,94,11,0.093,44,0,0.117,0.499
tests/projA/test_module_12.py::test_func_14,projA,128,36,0.119,52,0,0.278,0.496
tests/projC/test_module_38.py::test_func_41,projC,188,94,0.345,160,1,0.5,0.5
tests/projA/test_module_49.py::test_func_1,projA,198,27,0.125,23,0,0.136,0.498
tests/projB/test_module_32.py::test_func_5,projB,119,11,0.076,1,0,0.092,0.5
tests/projB/test_module_37.py::test_func_39,projB,185,55,0.212,81,1,0.297,0.5
tests/projB/test_module_22.py::test_func_43,projB,184,17,0.079,11,0,0.091,0.498
tests/projA/test_module_61.py::test_func_27,projA,32,18,0.156,140,1,0.562,0.5
tests/projC/test_module_8.py::test_func_15,projC,58,13,0.071,34,0,0.224,0.503
tests/projB/test_module_41.py::test_func_28,projB,123,22,0.122,41,0,0.179,0.5
tests/projB/test_module_49.py::test_func_39,projB,198,40,0.145,60,0,0.205,0.496
tests/projB/test_module_6.py::test_func_23,projB,185,18,0.118,31,0,0.093,0.505
tests/projB/test_module_55.py::test_func_45,projB,155,11,0.079,10,0,0.071,0.505
tests/projC/test_module_34.py::test_func_33,projC,98,25,0.138,67,1,0.255,0.5
tests/projC/test_module_56.py::test_func_23,projC,161,25,0.11,48,0,0.153,0.497
tests/projB/test_module_1.py::test_func_47,projB,98,28,0.186,135,1,0.286,0.5
tests/projC/test_module_66.py::test_func_8,projC,179,69,0.256,123,1,0.385,0.5
tests/projB/test_module_10.py::test_func_1,projB,161,22,0.104,24,0,0.137,0.503
tests/projA/test_module_37.py::test_func_33,projA,47,6,0.048,20,1,0.128,0.5
tests/projC/test_module_72.py::test_func_43,projC,21,1,0.06,32,0,0.049,0.369
tests/projA/test_module_48.py::test_func_19,projA,138,53,0.249,148,1,0.384,0.5
tests/projC/test_module_59.py::test_func_10,projC,153,39,0.161,57,1,0.255,0.5
tests/projA/test_module_8.py::test_func_16,projA,47,13,0.088,38,0,0.271,0.497
tests/projB/test_module_6.py::test_func_46,projB,28,8,0.129,115,1,0.286,0.5
tests/projC/test_module_23.py::test_func_40,projC,181,55,0.196,90,1,0.304,0.5
tests/projC/test_module_21.py::test_func_4,projC,118,23,0.097,25,0,0.195,0.5
tests/projA/test_module_6.py::test_func_20,projA,143,7,0.052,10,0,0.048,0.504
tests/projC/test_module_77.py::test_func_3,projC,62,27,0.164,125,1,0.435,0.5
tests/projC/test_module_56.py::test_func_23,projC,164,25,0.111,48,0,0.152,0.502
tests/projC/test_module_39.py::test_func_41,projC,125,19,0.083,13,0,0.152,0.496
tests/projB/test_module_22.py::test_func_43,projB,187,17,0.08,11,0,0.089,0.502
tests/projB/test_module_38.py::test_func_36,projB,146,69,0.246,182,1,0.473,0.5
tests/projC/test_module_49.py::test_func_44,projC,169,23,0.086,20,0,0.136,0.5
tests/projA/test_module_18.py::test_func_48,projA,83,28,0.13,130,1,0.337,0.5
tests/projC/test_module_31.py::test_func_26,projC,83,21,0.167,117,1,0.253,0.5
tests/projA/test_module_48.py::test_func_38,projA,158,87,0.337,179,1,0.551,0.5
tests/projA/test_module_25.py::test_func_27,projA,191,105,0.33,160,1,0.55,0.5
tests/projC/test_module_41.py::test_func_17,projC,109,70,0.317,189,1,0.642,0.5
tests/projC/test_module_49.py::test_func_44,projC,170,23,0.086,20,0,0.136,0.504
tests/projB/test_module_47.py::test_func_11,projB,106,21,0.132,50,0,0.2,0.506
tests/projA/test_module_65.py::test_func_17,projA,137,17,0.104,20,0,0.124,0.5
tests/projC/test_module_48.py::test_func_29,projC,138,60,0.258,139,1,0.435,0.5
tests/projC/test_module_32.py::test_func_11,projC,35,9,0.086,23,1,0.257,0.5
tests/projB/test_module_63.py::test_func_14,projB,26,7,0.159,136,1,0.269,0.5
tests/projC/test_module_49.py::test_func_44,projC,169,23,0.086,20,0,0.137,0.504
tests/projA/test_module_38.py::test_func_14,projA,26,8,0.105,83,1,0.308,0.5
tests/projB/test_module_53.py::test_func_43,projB,23,1,0.073,13,0,0.043,0.053
tests/projB/test_module_30.py::test_func_15,projB,89,27,0.091,89,1,0.303,0.5
tests/projC/test_module_71.py::test_func_20,projC,49,17,0.122,115,1,0.347,0.5
tests/projB/test_module_29.py::test_func_13,projB,145,65,0.248,138,1,0.448,0.5
tests/projB/test_module_68.py::test_func_17,projB,97,12,0.133,44,0,0.122,0.5
tests/projA/test_module_8.py::test_func_16,projA,48,13,0.089,39,0,0.271,0.5
tests/projA/test_module_59.py::test_func_23,projA,128,24,0.147,50,0,0.196,0.496
tests/projC/test_module_74.py::test_func_31,projC,23,9,0.061,92,1,0.391,0.5
tests/projA/test_module_9.py::test_func_3,projA,82,8,0.067,46,0,0.098,0.504
tests/projC/test_module_32.py::test_func_18,projC,166,31,0.147,48,0,0.187,0.5
tests/projB/test_module_20.py::test_func_14,projB,100,61,0.275,186,1,0.61,0.5
tests/projA/test_module_28.py::test_func_37,projA,193,77,0.275,140,1,0.399,0.5
tests/projC/test_module_22.py::test_func_35,projC,120,19,0.093,22,0,0.158,0.5
tests/projC/test_module_34.py::test_func_3,projC,139,46,0.18,78,1,0.331,0.5
tests/projA/test_module_1.py::test_func_22,projA,197,51,0.191,62,0,0.259,0.5
tests/projA/test_module_4.py::test_func_3,projA,94,11,0.092,44,0,0.117,0.5
tests/projC/test_module_39.py::test_func_40,projC,55,17,0.103,96,1,0.309,0.5
tests/projB/test_module_1.py::test_func_34,projB,40,15,0.146,155,1,0.375,0.5
tests/projC/test_module_15.py::test_func_44,projC,75,33,0.235,114,1,0.44,0.5
tests/projB/test_module_24.py::test_func_18,projB,126,27,0.154,44,0,0.214,0.5
tests/projC/test_module_39.py::test_func_30,projC,63,7,0.087,14,0,0.109,0.493
tests/projB/test_module_9.py::test_func_43,projB,186,114,0.394,197,1,0.613,0.5
tests/projC/test_module_21.py::test_func_4,projC,118,23,0.097,25,0,0.198,0.512
tests/projB/test_module_75.py::test_func_28,projB,101,45,0.221,114,1,0.446,0.5
tests/projB/test_module_53.py::test_func_30,projB,23,7,0.105,58,1,0.304,0.5
tests/projB/test_module_32.py::test_func_5,projB,120,11,0.076,1,0,0.091,0.503
tests/projC/test_module_71.py::test_func_10,projC,86,36,0.22,179,1,0.419,0.5
tests/projC/test_module_35.py::test_func_45,projC,109,31,0.139,116,1,0.284,0.5
tests/projC/test_module_49.py::test_func_44,projC,168,23,0.086,20,0,0.135,0.494
tests/projA/test_module_55.py::test_func_18,projA,118,55,0.226,148,1,0.466,0.5
tests/projA/test_module_52.py::test_func_4,projA,30,4,0.073,17,0,0.126,0.495
tests/projC/test_module_15.py::test_func_2,projC,122,65,0.301,179,1,0.533,0.5
tests/projA/test_module_57.py::test_func_35,projA,54,5,0.096,6,0,0.094,0.468
tests/projA/test_module_52.py::test_func_4,projA,31,4,0.074,17,0,0.13,0.501
tests/projB/test_module_63.py::test_func_31,projB,100,42,0.196,125,1,0.42,0.5
tests/projC/test_module_56.py::test_func_23,projC,163,25,0.112,49,0,0.154,0.493
tests/projB/test_module_34.py::test_func_30,projB,136,58,0.221,129,1,0.426,0.5
tests/projA/test_module_77.py::test_func_28,projA,108,40,0.209,122,1,0.37,0.5
tests/projA/test_module_70.py::test_func_1,projA,41,18,0.134,119,1,0.439,0.5
tests/projC/test_module_41.py::test_func_14,projC,90,17,0.065,44,0,0.189,0.5
tests/projA/test_module_70.py::test_func_50,projA,174,84,0.313,163,1,0.483,0.5
tests/projA/test_module_6.py::test_func_20,projA,143,7,0.052,10,0,0.049,0.5
tests/projC/test_module_41.py::test_func_14,projC,91,17,0.066,44,0,0.19,0.5
tests/projB/test_module_49.py::test_func_39,projB,195,40,0.143,60,0,0.202,0.5
tests/projC/test_module_72.py::test_func_43,projC,21,1,0.058,32,0,0.048,0.375
tests/projA/test_module_55.py::test_func_22,projA,78,28,0.151,117,1,0.359,0.5
tests/projB/test_module_49.py::test_func_39,projB,199,41,0.146,59,0,0.202,0.512
tests/projA/test_module_59.py::test_func_23,projA,129,25,0.146,50,0,0.196,0.494
tests/projC/test_module_39.py::test_func_41,projC,125,19,0.083,13,0,0.151,0.502
tests/projC/test_module_10.py::test_func_39,projC,112,61,0.278,194,1,0.545,0.5
tests/projB/test_module_55.py::test_func_45,projB,155,11,0.077,10,0,0.071,0.505
tests/projC/test_module_55.py::test_func_3,projC,63,36,0.184,161,1,0.571,0.5
tests/projB/test_module_51.py::test_func_9,projB,191,57,0.165,101,1,0.298,0.5
tests/projC/test_module_42.py::test_func_50,projC,171,93,0.341,191,1,0.544,0.5
tests/projB/test_module_24.py::test_func_18,projB,128,27,0.156,44,0,0.217,0.509
tests/projA/test_module_59.py::test_func_23,projA,128,25,0.146,50,0,0.195,0.5
tests/projA/test_module_49.py::test_func_1,projA,198,27,0.123,23,0,0.137,0.5
tests/projB/test_module_47.py::test_func_11,projB,105,21,0.133,50,0,0.198,0.497
tests/projA/test_module_44.py::test_func_14,projA,52,21,0.179,163,1,0.404,0.5
tests/projC/test_module_1.py::test_func_39,projC,128,60,0.275,179,1,0.469,0.5
tests/projA/test_module_49.py::test_func_18,projA,76,15,0.115,35,0,0.198,0.501
tests/projB/test_module_15.py::test_func_7,projB,35,2,0.067,37,0,0.057,0.5
tests/projA/test_module_45.py::test_func_5,projA,38,13,0.13,99,1,0.342,0.5
tests/projC/test_module_41.py::test_func_14,projC,91,17,0.065,44,0,0.189,0.494
tests/projC/test_module_70.py::test_func_27,projC,46,15,0.12,136,1,0.326,0.5
tests/projA/test_module_34.py::test_func_34,projA,132,52,0.199,113,1,0.394,0.5
tests/projB/test_module_24.py::test_func_18,projB,127,27,0.153,44,0,0.215,0.502
tests/projA/test_module_47.py::test_func_20,projA,130,56,0.223,103,1,0.431,0.5
tests/projB/test_module_12.py::test_func_49,projB,111,23,0.164,94,1,0.207,0.5
tests/projC/test_module_39.py::test_func_41,projC,128,19,0.083,13,0,0.152,0.5
tests/projA/test_module_23.py::test_func_27,projA,109,24,0.098,57,1,0.22,0.5
tests/projC/test_module_72.py::test_func_35,projC,111,55,0.203,163,1,0.495,0.5
tests/projC/test_module_39.py::test_func_30,projC,63,7,0.088,14,0,0.111,0.5
tests/projC/test_module_55.py::test_func_14,projC,75,13,0.107,32,0,0.177,0.498
tests/projB/test_module_32.py::test_func_5,projB,120,11,0.076,1,0,0.093,0.502
tests/projA/test_module_46.py::test_func_50,projA,199,29,0.102,26,1,0.146,0.5
tests/projA/test_module_49.py::test_func_18,projA,76,15,0.117,35,0,0.197,0.5
tests/projB/test_module_10.py::test_func_1,projB,161,22,0.102,24,0,0.135,0.493
tests/projB/test_module_8.py::test_func_4,projB,43,21,0.166,147,1,0.488,0.5
tests/projA/test_module_5.py::test_func_22,projA,93,16,0.131,56,1,0.172,0.5
tests/projA/test_module_49.py::test_func_18,projA,77,15,0.116,34,0,0.197,0.493
tests/projC/test_module_7.py::test_func_44,projC,138,15,0.084,5,0,0.107,0.497
tests/projB/test_module_6.py::test_func_23,projB,195,18,0.116,32,0,0.095,0.503
tests/projB/test_module_18.py::test_func_16,projB,33,15,0.168,142,1,0.455,0.5
tests/projC/test_module_39.py::test_func_30,projC,63,7,0.087,14,0,0.111,0.498
tests/projA/test_module_49.py::test_func_1,projA,202,27,0.122,23,0,0.135,0.5
tests/projA/test_module_9.py::test_func_3,projA,80,8,0.067,47,0,0.1,0.495
tests/projA/test_module_61.py::test_func_40,projA,189,57,0.195,123,1,0.302,0.5
tests/projB/test_module_13.py::test_func_23,projB,89,27,0.164,92,1,0.303,0.5
tests/projB/test_module_77.py::test_func_5,projB,134,45,0.202,110,1,0.336,0.5
tests/projC/test_module_58.py::test_func_9,projC,75,14,0.109,39,1,0.187,0.5
tests/projC/test_module_49.py::test_func_44,projC,167,23,0.085,20,0,0.138,0.503
tests/projC/test_module_49.py::test_func_44,projC,169,23,0.087,20,0,0.138,0.499
tests/projA/test_module_34.py::test_func_12,projA,188,30,0.114,37,0,0.16,0.515
tests/projB/test_module_10.py::test_func_1,projB,163,22,0.105,24,0,0.136,0.503
tests/projA/test_module_61.py::test_func_15,projA,162,79,0.314,197,1,0.488,0.5
tests/projA/test_module_18.py::test_func_33,projA,200,37,0.126,22,0,0.185,0.5
tests/projA/test_module_9.py::test_func_3,projA,82,8,0.068,46,0,0.099,0.502
tests/projC/test_module_55.py::test_func_36,projC,61,20,0.169,140,1,0.328,0.5
tests/projC/test_module_78.py::test_func_42,projC,122,67,0.314,196,1,0.549,0.5
tests/projC/test_module_72.py::test_func_43,projC,21,1,0.059,32,0,0.048,0.367
tests/projC/test_module_44.py::test_func_8,projC,130,43,0.205,110,1,0.331,0.5
tests/projC/test_module_36.py::test_func_16,projC,41,12,0.109,88,1,0.293,0.5
tests/projB/test_module_68.py::test_func_17,projB,97,12,0.135,44,0,0.124,0.5
tests/projC/test_module_8.py::test_func_15,projC,58,13,0.071,34,0,0.224,0.5
tests/projB/test_module_24.py::test_func_18,projB,125,27,0.155,44,0,0.215,0.499
tests/projB/test_module_52.py::test_func_18,projB,159,18,0.134,24,0,0.113,0.5
tests/projC/test_module_22.py::test_func_35,projC,120,19,0.093,22,0,0.158,0.496
tests/projC/test_module_13.py::test_func_4,projC,164,13,0.081,2,0,0.079,0.5
tests/projC/test_module_35.py::test_func_50,projC,47,6,0.066,38,0,0.128,0.408
tests/projB/test_module_74.py::test_func_13,projB,183,28,0.09,3,0,0.154,0.515
tests/projA/test_module_59.py::test_func_23,projA,127,25,0.145,50,0,0.192,0.496
tests/projB/test_module_14.py::test_func_6,projB,87,48,0.265,182,1,0.552,0.5
tests/projC/test_module_56.py::test_func_23,projC,162,25,0.111,48,0,0.154,0.5
tests/projB/test_module_45.py::test_func_42,projB,189,83,0.27,153,1,0.439,0.5
tests/projB/test_module_52.py::test_func_18,projB,158,18,0.133,24,0,0.113,0.499
tests/projC/test_module_14.py::test_func_9,projC,159,75,0.292,135,1,0.472,0.5
tests/projA/test_module_12.py::test_func_14,projA,130,36,0.118,53,0,0.276,0.499
tests/projB/test_module_47.py::test_func_11,projB,106,21,0.129,50,0,0.201,0.504
tests/projB/test_module_56.py::test_func_11,projB,200,90,0.32,149,1,0.45,0.5
tests/projC/test_module_2.py::test_func_44,projC,27,15,0.152,112,1,0.556,0.5
tests/projB/test_module_74.py::test_func_13,projB,181,28,0.09,3,0,0.155,0.5
tests/projB/test_module_27.py::test_func_28,projB,160,88,0.285,191,1,0.55,0.5
tests/projB/test_module_52.py::test_func_18,projB,159,18,0.131,24,0,0.115,0.493
tests/projC/test_module_39.py::test_func_26,projC,118,62,0.277,167,1,0.525,0.5
tests/projA/test_module_34.py::test_func_12,projA,187,30,0.116,37,0,0.16,0.5
tests/projC/test_module_39.py::test_func_41,projC,124,19,0.083,13,0,0.153,0.5
tests/projB/test_module_49.py::test_func_39,projB,197,40,0.144,60,0,0.203,0.5
tests/projC/test_module_49.py::test_func_44,projC,169,23,0.086,20,0,0.135,0.507
tests/projA/test_module_30.py::test_func_3,projA,119,44,0.195,105,0,0.376,0.494
tests/projC/test_module_30.py::test_func_50,projC,135,72,0.243,190,1,0.533,0.5
tests/projA/test_module_14.py::test_func_25,projA,82,32,0.187,115,1,0.39,0.5
tests/projB/test_module_52.py::test_func_18,projB,158,18,0.136,24,0,0.112,0.499
tests/projB/test_module_60.py::test_func_29,projB,175,87,0.318,167,1,0.497,0.5
tests/projC/test_module_39.py::test_func_41,projC,125,19,0.083,13,0,0.152,0.502
tests/projC/test_module_19.py::test_func_28,projC,68,14,0.105,35,1,0.206,0.5
tests/projA/test_module_57.py::test_func_35,projA,54,5,0.097,6,0,0.093,0.468
tests/projB/test_module_6.py::test_func_23,projB,191,18,0.116,31,0,0.094,0.5
tests/projA/test_module_31.py::test_func_11,projA,45,17,0.196,173,1,0.378,0.5
tests/projA/test_module_13.py::test_func_7,projA,103,39,0.21,132,1,0.379,0.5
tests/projA/test_module_49.py::test_func_1,projA,195,27,0.121,23,0,0.136,0.497
tests/projA/test_module_41.py::test_func_16,projA,101,42,0.178,140,1,0.416,0.5
tests/projA/test_module_6.py::test_func_20,projA,140,7,0.053,10,0,0.05,0.497
tests/projA/test_module_9.py::test_func_3,projA,80,8,0.068,47,0,0.1,0.5
tests/projC/test_module_1.py::test_func_20,projC,81,33,0.153,105,1,0.407,0.5
tests/projC/test_module_55.py::test_func_14,projC,74,13,0.106,31,0,0.176,0.5
tests/projC/test_module_63.py::test_func_10,projC,123,20,0.156,60,1,0.163,0.5
tests/projA/test_module_15.py::test_func_5,projA,40,7,0.083,27,0,0.173,0.503
tests/projA/test_module_49.py::test_func_1,projA,200,27,0.123,23,0,0.135,0.5
