test_nodeid,past_runs,failures,avg_duration_s,code_change_size,failed_next,failure_rate,flakiness,failure_x_duration
tests/test_add.py::test_add_basic,39,12,0.183,110,0,0.3076922998027616,0,0.05630769086390537
tests/test_add.py::test_add_basic,45,9,0.217,117,0,0.19999999555555567,0,0.04339999903555558
tests/test_add.py::test_add_basic,45,13,0.187,117,1,0.28888888246913597,0,0.05402222102172843
tests/test_add.py::test_add_basic,40,9,0.204,107,0,0.22499999437500015,0,0.045899998852500026
tests/test_add.py::test_add_basic,41,13,0.183,114,0,0.31707316299821553,0,0.05802438882867344
tests/test_add.py::test_add_basic,45,13,0.184,101,0,0.28888888246913597,0,0.05315555437432102
tests/test_add.py::test_add_basic,45,13,0.195,109,1,0.28888888246913597,0,0.056333332081481516
tests/test_add.py::test_add_basic,40,12,0.193,107,0,0.2999999925000002,0,0.05789999855250004
tests/test_add.py::test_add_basic,40,13,0.185,102,0,0.3249999918750002,0,0.06012499849687504
tests/test_add.py::test_add_negative,97,30,0.091,117,0,0.30927834732702736,0,0.02814432960675949
tests/test_add.py::test_add_negative,94,28,0.091,127,0,0.2978723372566773,0,0.02710638269035763
tests/test_add.py::test_add_negative,95,30,0.097,108,0,0.31578947036011085,0,0.030631578624930753
tests/test_add.py::test_add_negative,94,26,0.1,110,0,0.27659574173834317,0,0.027659574173834318
tests/test_add.py::test_add_negative,99,26,0.093,116,0,0.2626262599734721,0,0.024424242177532907
tests/test_add.py::test_add_negative,98,27,0.106,110,0,0.27551020127030407,0,0.02920408133465223
tests/test_add.py::test_add_negative,98,26,0.093,123,0,0.2653061197417743,0,0.02467346913598501
tests/test_add.py::test_add_negative,95,28,0.087,108,0,0.29473683900277015,0,0.025642104993241002
tests/test_add.py::test_add_negative,94,26,0.091,112,0,0.27659574173834317,0,0.025170212498189227
tests/test_add.py::test_add_negative,98,30,0.102,124,0,0.30612244585589343,0,0.031224489477301127
tests/test_add.py::test_add_negative,94,30,0.094,108,0,0.3191489327750114,0,0.02999999968085107
tests/test_add.py::test_add_negative,96,30,0.077,115,0,0.31249999674479173,0,0.024062499749348962
tests/test_add.py::test_add_large_numbers,105,23,0.447,27,0,0.21904761696145128,0,0.09791428478176872
tests/test_add.py::test_add_large_numbers,103,20,0.466,25,0,0.19417475539636161,0,0.09048543601470452
tests/test_add.py::test_add_large_numbers,106,20,0.456,26,0,0.188679243503026,0,0.08603773503737987
tests/test_add.py::test_add_large_numbers,103,21,0.45,17,1,0.20388349316617968,0,0.09174757192478086
tests/test_add.py::test_add_large_numbers,103,22,0.463,22,0,0.21359223093599777,0,0.09889320292336698
tests/test_add.py::test_add_large_numbers,104,21,0.477,26,1,0.2019230749815089,0,0.09631730676617975
tests/test_add.py::test_add_large_numbers,106,19,0.463,15,0,0.1792452813278747,0,0.082990565254806
tests/test_add.py::test_add_large_numbers,102,22,0.468,13,0,0.21568627239523264,0,0.10094117548096888
tests/test_add.py::test_add_large_numbers,105,21,0.472,20,0,0.1999999980952381,0,0.09439999910095238
tests/test_add.py::test_add_large_numbers,104,19,0.444,22,0,0.18269230593565092,0,0.081115383835429
tests/test_add.py::test_add_large_numbers,106,23,0.463,18,1,0.2169811300284799,0,0.1004622632031862
tests/test_add.py::test_add_large_numbers,104,21,0.463,20,0,0.2019230749815089,0,0.09349038371643863
tests/test_add.py::test_add_large_numbers,105,19,0.456,10,0,0.18095237922902496,0,0.08251428492843539
tests/test_add.py::test_add_large_numbers,107,19,0.458,20,0,0.17757009179841035,0,0.08132710204367194
tests/test_add.py::test_add_large_numbers,103,20,0.467,7,0,0.19417475539636161,0,0.09067961077010088
tests/test_add.py::test_add_large_numbers,106,21,0.464,19,0,0.1981132056781773,0,0.09192452743467427
tests/test_add.py::test_add_large_numbers,106,20,0.453,15,0,0.188679243503026,0,0.08547169730687078
tests/test_add.py::test_add_large_numbers,103,23,0.455,10,0,0.22330096870581584,0,0.1016019407611462
tests/test_add.py::test_add_large_numbers,105,22,0.453,11,1,0.2095238075283447,0,0.09491428481034016
tests/test_add.py::test_add_large_numbers,105,22,0.475,20,0,0.2095238075283447,0,0.09952380857596373
tests/test_subtract.py::test_subtract_basic,142,25,0.135,2,1,0.17605633678833565,0,0.023767605466425316
tests/test_subtract.py::test_subtract_basic,141,27,0.128,0,0,0.1914893603440471,0,0.024510638124038028
tests/test_subtract.py::test_subtract_basic,146,27,0.109,1,0,0.18493150558266092,0,0.02015753410851004
tests/test_subtract.py::test_subtract_basic,141,25,0.135,1,0,0.1773049632815251,0,0.02393617004300589
tests/test_subtract.py::test_subtract_basic,142,23,0.123,0,0,0.1619718298452688,0,0.019922535070968063
tests/test_subtract.py::test_subtract_basic,141,26,0.121,0,0,0.1843971618127861,0,0.022312056579347116
tests/test_subtract.py::test_subtract_basic,142,24,0.131,2,0,0.16901408331680223,0,0.022140844914501093
tests/test_subtract.py::test_subtract_basic,143,27,0.126,3,0,0.18881118749083087,0,0.02379020962384469
tests/test_subtract.py::test_subtract_basic,142,27,0.106,6,0,0.19014084373140253,0,0.020154929435528667
tests/test_subtract.py::test_subtract_basic,140,23,0.113,0,0,0.1642857131122449,0,0.018564285581683677
tests/test_subtract.py::test_subtract_basic,140,26,0.115,5,0,0.1857142843877551,0,0.02135714270459184
tests/test_subtract.py::test_subtract_basic,145,25,0.107,3,0,0.17241379191438763,0,0.018448275734839478
tests/test_subtract.py::test_subtract_basic,144,24,0.112,1,0,0.16666666550925927,0,0.018666666537037038
tests/test_subtract.py::test_subtract_basic,146,24,0.128,8,0,0.16438356051792083,0,0.021041095746293866
tests/test_subtract.py::test_subtract_basic,140,23,0.118,5,0,0.1642857131122449,0,0.0193857141472449
tests/test_subtract.py::test_subtract_basic,144,27,0.112,1,0,0.18749999869791667,0,0.020999999854166666
tests/test_subtract.py::test_subtract_basic,146,27,0.121,5,0,0.18493150558266092,0,0.02237671217550197
tests/test_subtract.py::test_subtract_basic,141,23,0.118,12,0,0.1631205662190031,0,0.019248226813842362
tests/test_subtract.py::test_subtract_negative,192,44,0.116,70,0,0.22916666547309028,0,0.026583333194878475
tests/test_subtract.py::test_subtract_negative,190,41,0.12,71,0,0.21578947254847647,0,0.025894736705817174
tests/test_subtract.py::test_subtract_negative,188,41,0.138,66,0,0.21808510522295158,0,0.03009574452076732
tests/test_subtract.py::test_subtract_negative,193,44,0.11,69,0,0.2279792734301592,0,0.02507772007731751
tests/test_subtract.py::test_subtract_negative,192,43,0.108,69,1,0.22395833216688368,0,0.024187499874023438
tests/test_subtract.py::test_subtract_negative,189,43,0.116,74,0,0.22751322630945384,0,0.026391534251896647
tests/test_subtract.py::test_subtract_large_numbers,90,14,0.192,168,1,0.15555555382716052,0,0.029866666334814822
tests/test_subtract.py::test_subtract_large_numbers,87,14,0.171,167,0,0.1609195383802352,0,0.027517241063020222
tests/test_subtract.py::test_subtract_large_numbers,85,14,0.18,168,0,0.16470588041522494,0,0.029647058474740487
tests/test_subtract.py::test_subtract_large_numbers,85,13,0.179,165,1,0.1529411746712803,0,0.02737647026615917
tests/test_subtract.py::test_subtract_large_numbers,91,16,0.177,159,0,0.17582417389204205,0,0.031120878778891442
tests/test_subtract.py::test_subtract_large_numbers,85,13,0.171,157,0,0.1529411746712803,0,0.026152940868788933
tests/test_subtract.py::test_subtract_large_numbers,85,16,0.168,153,1,0.18823529190311422,0,0.031623529039723194
tests/test_subtract.py::test_subtract_large_numbers,90,14,0.17,161,1,0.15555555382716052,0,0.02644444415061729
tests/test_subtract.py::test_subtract_large_numbers,85,16,0.164,153,0,0.18823529190311422,0,0.030870587872110732
tests/test_subtract.py::test_subtract_large_numbers,85,14,0.156,152,0,0.16470588041522494,0,0.02569411734477509
tests/test_subtract.py::test_subtract_large_numbers,89,15,0.155,165,0,0.16853932394899637,0,0.02612359521209444
tests/test_subtract.py::test_subtract_large_numbers,86,12,0.188,156,0,0.1395348820984316,0,0.02623255783450514
tests/test_subtract.py::test_subtract_large_numbers,85,13,0.18,168,0,0.1529411746712803,0,0.027529411440830452
tests/test_subtract.py::test_subtract_large_numbers,90,12,0.163,168,0,0.13333333185185187,0,0.021733333091851856
tests/test_subtract.py::test_subtract_large_numbers,90,16,0.175,156,0,0.17777777580246917,0,0.031111110765432104
tests/test_subtract.py::test_subtract_large_numbers,87,15,0.154,152,0,0.17241379112168057,0,0.026551723832738808
tests/test_subtract.py::test_subtract_large_numbers,90,13,0.179,154,0,0.1444444428395062,0,0.02585555526827161
tests/test_subtract.py::test_subtract_large_numbers,85,14,0.169,155,0,0.16470588041522494,0,0.027835293790173018
tests/test_subtract.py::test_subtract_large_numbers,91,15,0.163,153,0,0.16483516302378942,0,0.026868131572877676
tests/test_subtract.py::test_subtract_large_numbers,89,13,0.171,169,0,0.14606741408913018,0,0.024977527809241264
tests/test_multiply.py::test_multiply_basic,67,15,0.481,195,0,0.22388059367342397,0,0.10768656555691693
tests/test_multiply.py::test_multiply_basic,62,16,0.494,184,0,0.25806451196670144,0,0.1274838689115505
tests/test_multiply.py::test_multiply_basic,62,13,0.501,190,0,0.20967741597294492,0,0.1050483854024454
tests/test_multiply.py::test_multiply_basic,63,15,0.477,194,0,0.23809523431594867,0,0.11357142676870752
tests/test_multiply.py::test_multiply_basic,65,12,0.477,185,0,0.18461538177514797,0,0.08806153710674558
tests/test_multiply.py::test_multiply_basic,64,14,0.477,193,0,0.21874999658203131,0,0.10434374836962894
tests/test_multiply.py::test_multiply_basic,63,12,0.468,178,0,0.19047618745275893,0,0.08914285572789118
tests/test_multiply.py::test_multiply_basic,61,15,0.482,185,0,0.24590163531308795,0,0.11852458822090839
tests/test_multiply.py::test_multiply_basic,65,14,0.496,180,0,0.21538461207100598,0,0.10683076758721896
tests/test_multiply.py::test_multiply_basic,65,15,0.485,188,0,0.23076922721893497,0,0.11192307520118346
tests/test_multiply.py::test_multiply_basic,63,15,0.473,188,0,0.23809523431594867,0,0.11261904583144372
tests/test_multiply.py::test_multiply_basic,65,12,0.47,197,0,0.18461538177514797,0,0.08676922943431954
tests/test_multiply.py::test_multiply_basic,63,16,0.47,196,0,0.2539682499370119,0,0.11936507747039558
tests/test_multiply.py::test_multiply_basic,67,14,0.498,177,0,0.20895522076186238,0,0.10405969993940746
tests/test_multiply.py::test_multiply_basic,66,15,0.494,181,0,0.22727272382920116,0,0.11227272557162538
tests/test_multiply.py::test_multiply_by_zero,167,32,0.318,56,1,0.1916167653196601,0,0.06093413137165191
tests/test_multiply.py::test_multiply_by_zero,163,34,0.35,68,0,0.20858895577552788,0,0.07300613452143476
tests/test_multiply.py::test_multiply_by_zero,163,31,0.322,66,0,0.1901840479129813,0,0.06123926342797998
tests/test_multiply.py::test_multiply_by_zero,165,32,0.347,59,0,0.19393939276400368,0,0.06729696928910928
tests/test_multiply.py::test_multiply_by_zero,165,31,0.331,59,0,0.18787878674012856,0,0.062187878410982556
tests/test_multiply.py::test_multiply_by_zero,167,34,0.355,51,0,0.20359281315213884,0,0.07227544866900928
tests/test_multiply.py::test_multiply_by_zero,164,32,0.35,64,0,0.19512195002974422,0,0.06829268251041047
tests/test_multiply.py::test_multiply_by_zero,165,33,0.324,52,0,0.1999999987878788,0,0.06479999960727273
tests/test_multiply.py::test_multiply_by_zero,169,34,0.323,57,0,0.20118343076222822,0,0.06498224813619971
tests/test_multiply.py::test_multiply_by_zero,169,30,0.34,69,0,0.1775147918490249,0,0.06035502922866848
tests/test_multiply.py::test_multiply_by_zero,166,32,0.348,63,0,0.19277108317607783,0,0.06708433694527507
tests/test_multiply.py::test_multiply_by_zero,169,31,0.335,55,0,0.18343195157732572,0,0.06144970377840412
tests/test_multiply.py::test_multiply_by_zero,169,30,0.327,54,0,0.1775147918490249,0,0.05804733693463115
tests/test_multiply.py::test_multiply_large_numbers,33,5,0.133,47,0,0.15151514692378343,0,0.020151514540863197
tests/test_multiply.py::test_multiply_large_numbers,38,6,0.128,27,0,0.15789473268698073,0,0.020210525783933533
tests/test_multiply.py::test_multiply_large_numbers,36,7,0.132,43,1,0.19444443904321004,0,0.025666665953703725
tests/test_multiply.py::test_multiply_large_numbers,33,8,0.145,32,0,0.2424242350780535,0,0.03515151408631775
tests/test_multiply.py::test_multiply_large_numbers,37,7,0.126,45,0,0.18918918407596802,0,0.02383783719357197
tests/test_multiply.py::test_multiply_large_numbers,37,8,0.13,43,0,0.21621621037253486,0,0.028108107348429532
tests/test_multiply.py::test_multiply_large_numbers,32,8,0.116,41,0,0.24999999218750027,0,0.028999999093750034
tests/test_multiply.py::test_multiply_large_numbers,32,7,0.122,37,1,0.21874999316406274,0,0.026687499166015653
tests/test_multiply.py::test_multiply_large_numbers,36,5,0.111,30,0,0.1388888850308643,0,0.015416666238425938
tests/test_divide.py::test_divide_basic,103,16,0.413,104,0,0.15533980431708927,0,0.06415533918295786
tests/test_divide.py::test_divide_basic,101,16,0.386,107,0,0.15841584001568476,0,0.06114851424605432
tests/test_divide.py::test_divide_basic,102,16,0.404,108,0,0.1568627435601692,0,0.06337254839830836
tests/test_divide.py::test_divide_basic,101,13,0.388,116,0,0.12871287001274387,0,0.049940593564944624
tests/test_divide.py::test_divide_basic,100,15,0.393,105,0,0.1499999985,0,0.058949999410500005
tests/test_divide.py::test_divide_basic,97,13,0.385,107,0,0.13402061717504518,0,0.0515979376123924
tests/test_divide.py::test_divide_basic,99,16,0.399,104,0,0.16161615998367515,0,0.06448484783348639
tests/test_divide.py::test_divide_basic,102,13,0.414,112,0,0.12745097914263745,0,0.0527647053650519
tests/test_divide.py::test_divide_basic,99,12,0.411,118,1,0.12121211998775637,0,0.04981818131496787
tests/test_divide.py::test_divide_basic,102,12,0.396,104,0,0.11764705767012688,0,0.04658823483737025
tests/test_divide.py::test_divide_basic,98,15,0.388,107,0,0.15306122292794672,0,0.059387754496043325
tests/test_divide.py::test_divide_basic,102,13,0.413,102,0,0.12745097914263745,0,0.052637254385909264
tests/test_divide.py::test_divide_basic,98,16,0.389,114,0,0.1632653044564765,0,0.06351020343356936
tests/test_divide.py::test_divide_basic,103,15,0.398,116,0,0.1456310665472712,0,0.05796116448581394
tests/test_divide.py::test_divide_basic,97,12,0.382,113,1,0.12371133893081095,0,0.04725773147156978
tests/test_divide.py::test_divide_basic,101,15,0.382,111,1,0.14851485001470446,0,0.056732672705617104
tests/test_divide.py::test_divide_fraction,159,30,0.057,105,1,0.18867924409635695,0,0.010754716913492347
tests/test_divide.py::test_divide_fraction,155,29,0.053,101,0,0.18709677298647243,0,0.009916128968283039
tests/test_divide.py::test_divide_fraction,156,27,0.026,95,0,0.17307692196745564,0,0.004499999971153847
tests/test_divide.py::test_divide_fraction,154,27,0.038,94,0,0.17532467418620343,0,0.00666233761907573
tests/test_divide.py::test_divide_fraction,154,28,0.056,108,0,0.1818181806375443,0,0.010181818115702481
tests/test_divide.py::test_divide_fraction,155,27,0.035,98,1,0.17419354726326744,0,0.006096774154214361
tests/test_divide.py::test_divide_fraction,158,26,0.052,95,0,0.1645569609838167,0,0.008556961971158468
tests/test_divide.py::test_divide_fraction,155,28,0.035,111,0,0.18064516012486995,0,0.006322580604370449
tests/test_divide.py::test_divide_fraction,157,26,0.033,100,0,0.16560509448659175,0,0.005464968118057528
tests/test_divide.py::test_divide_fraction,154,30,0.042,110,0,0.19480519354022602,0,0.008181818128689494
tests/test_divide.py::test_divide_fraction,158,27,0.061,112,0,0.17088607486780966,0,0.01042405056693639
tests/test_divide.py::test_divide_fraction,155,26,0.062,94,0,0.16774193440166493,0,0.010399999932903225
tests/test_divide.py::test_divide_fraction,155,26,0.054,107,0,0.16774193440166493,0,0.009058064457689906
tests/test_divide.py::test_divide_fraction,159,30,0.041,105,0,0.18867924409635695,0,0.007735849007950635
tests/test_divide.py::test_divide_by_zero,165,36,0.138,71,1,0.21818181685950414,0,0.030109090726611575
tests/test_divide.py::test_divide_by_zero,170,36,0.109,76,0,0.2117647046366782,0,0.023082352805397926
tests/test_divide.py::test_divide_by_zero,166,36,0.14,81,0,0.21686746857308753,0,0.030361445600232257
tests/test_divide.py::test_divide_by_zero,169,39,0.139,86,0,0.23076922940373237,0,0.0320769228871188
tests/test_divide.py::test_divide_by_zero,169,38,0.116,72,0,0.22485206967543153,0,0.02608284008235006
tests/test_divide.py::test_divide_by_zero,164,36,0.109,77,0,0.21951219378346223,0,0.023926829122397384
tests/test_divide.py::test_divide_by_zero,170,38,0.131,85,0,0.223529410449827,0,0.029282352768927336
tests/test_divide.py::test_divide_by_zero,170,38,0.115,76,0,0.223529410449827,0,0.025705882201730104
tests/test_divide.py::test_divide_by_zero,165,38,0.129,90,0,0.23030302890725438,0,0.029709090729035815
tests/test_divide.py::test_divide_by_zero,165,38,0.132,80,1,0.23030302890725438,0,0.03039999981575758
tests/test_divide.py::test_divide_by_zero,169,39,0.119,72,0,0.23076922940373237,0,0.02746153829904415
tests/test_divide.py::test_divide_by_zero,168,37,0.11,87,0,0.2202380939271542,0,0.024226190331986964
tests/test_divide.py::test_divide_by_zero,165,39,0.127,73,0,0.2363636349311295,0,0.030018181636253447
